{
  "model_path": "/workspace/GRPO/models/qwen3-grpohistbeta-paper-dapo17k-batch128-cliph1_0-clipl1_0-clipc10-nokl-lr1e-6-df0_25/global_step_450/actor/huggingface",
  "data_source": "/workspace/GRPO/data/OlympiadBench/test.parquet",
  "num_problems": 674,
  "n_samples": 8,
  "sampling": {
    "temperature": 0.6,
    "top_p": 0.95,
    "top_k": -1,
    "max_tokens": 4096,
    "repetition_penalty": 1.0
  },
  "pass@1": 0.3456973293768546,
  "pass@8": 0.5445103857566765,
  "maj@8": 0.3056379821958457,
  "avg_accuracy": 0.34068991097922846,
  "all_pass_at_k": {
    "pass@1": 0.3456973293768546,
    "maj@1": 0.3456973293768546,
    "pass@2": 0.4124629080118694,
    "maj@2": 0.28635014836795253,
    "pass@3": 0.443620178041543,
    "maj@3": 0.33827893175074186,
    "pass@4": 0.4688427299703264,
    "maj@4": 0.3026706231454006,
    "pass@5": 0.48813056379821956,
    "maj@5": 0.3397626112759644,
    "pass@6": 0.5103857566765578,
    "maj@6": 0.30712166172106825,
    "pass@7": 0.5296735905044511,
    "maj@7": 0.3323442136498516,
    "pass@8": 0.5445103857566765,
    "maj@8": 0.3056379821958457
  }
}