{
  "model_path": "/workspace/GRPO/models/qwen3-8b-grpohistbeta-paper-batch128-cliph1_0-clipl1_0-clipc10-nokl-lr1e-6-df0_5/global_step_480/actor/huggingface",
  "data_source": "/workspace/GRPO/data/OlympiadBench/test.parquet",
  "num_problems": 674,
  "n_samples": 8,
  "sampling": {
    "temperature": 0.6,
    "top_p": 0.95,
    "top_k": -1,
    "max_tokens": 8192,
    "repetition_penalty": 1.0
  },
  "pass@1": 0.5534124629080118,
  "pass@8": 0.6735905044510386,
  "maj@8": 0.5637982195845698,
  "avg_accuracy": 0.5619436201780416,
  "all_pass_at_k": {
    "pass@1": 0.5534124629080118,
    "maj@1": 0.5534124629080118,
    "pass@2": 0.6097922848664689,
    "maj@2": 0.49851632047477745,
    "pass@3": 0.629080118694362,
    "maj@3": 0.5667655786350149,
    "pass@4": 0.6379821958456974,
    "maj@4": 0.5415430267062314,
    "pass@5": 0.6513353115727003,
    "maj@5": 0.5756676557863502,
    "pass@6": 0.6632047477744807,
    "maj@6": 0.5563798219584569,
    "pass@7": 0.6706231454005934,
    "maj@7": 0.5712166172106825,
    "pass@8": 0.6735905044510386,
    "maj@8": 0.5637982195845698
  }
}