{
  "model_path": "/workspace/GRPO/models/qwen3-grpohistbeta-paper-dapo17k-batch128-cliph1_0-clipl1_0-clipc10-nokl-lr1e-6-df0_5/global_step_310/actor/huggingface",
  "data_source": "/workspace/GRPO/data/OlympiadBench/test.parquet",
  "num_problems": 674,
  "n_samples": 8,
  "sampling": {
    "temperature": 0.6,
    "top_p": 0.95,
    "top_k": -1,
    "max_tokens": 4096,
    "repetition_penalty": 1.0
  },
  "pass@1": 0.28338278931750743,
  "pass@8": 0.4807121661721068,
  "maj@8": 0.23887240356083086,
  "avg_accuracy": 0.28653560830860536,
  "all_pass_at_k": {
    "pass@1": 0.28338278931750743,
    "maj@1": 0.28338278931750743,
    "pass@2": 0.3724035608308605,
    "maj@2": 0.21364985163204747,
    "pass@3": 0.4065281899109792,
    "maj@3": 0.2744807121661721,
    "pass@4": 0.4332344213649852,
    "maj@4": 0.22106824925816024,
    "pass@5": 0.4540059347181009,
    "maj@5": 0.2626112759643917,
    "pass@6": 0.4688427299703264,
    "maj@6": 0.24480712166172106,
    "pass@7": 0.4732937685459941,
    "maj@7": 0.26706231454005935,
    "pass@8": 0.4807121661721068,
    "maj@8": 0.23887240356083086
  }
}