{
  "model_path": "/workspace/GRPO/models/qwen3-8b-grpohistbeta-paper-batch128-cliph1_0-clipl1_0-clipc10-nokl-lr1e-6-df0_75/global_step_540/actor/huggingface",
  "data_source": "/workspace/GRPO/data/OlympiadBench/test.parquet",
  "num_problems": 674,
  "n_samples": 8,
  "sampling": {
    "temperature": 0.6,
    "top_p": 0.95,
    "top_k": -1,
    "max_tokens": 8192,
    "repetition_penalty": 1.0
  },
  "pass@1": 0.5637982195845698,
  "pass@8": 0.6943620178041543,
  "maj@8": 0.5652818991097923,
  "avg_accuracy": 0.5634272997032641,
  "all_pass_at_k": {
    "pass@1": 0.5637982195845698,
    "maj@1": 0.5637982195845698,
    "pass@2": 0.6201780415430267,
    "maj@2": 0.4970326409495549,
    "pass@3": 0.6572700296735905,
    "maj@3": 0.56973293768546,
    "pass@4": 0.6691394658753709,
    "maj@4": 0.5400593471810089,
    "pass@5": 0.6765578635014837,
    "maj@5": 0.5816023738872403,
    "pass@6": 0.6839762611275965,
    "maj@6": 0.5623145400593472,
    "pass@7": 0.6884272997032641,
    "maj@7": 0.5771513353115727,
    "pass@8": 0.6943620178041543,
    "maj@8": 0.5652818991097923
  }
}