{
  "model_path": "/workspace/GRPO/models/qwen3-grpohistbeta-paper-dapo17k-batch128-cliph1_0-clipl1_0-clipc10-nokl-lr1e-6-again/global_step_405/actor/huggingface",
  "data_source": "/workspace/GRPO/data/OlympiadBench/test.parquet",
  "num_problems": 674,
  "n_samples": 8,
  "sampling": {
    "temperature": 0.6,
    "top_p": 0.95,
    "top_k": -1,
    "max_tokens": 4096,
    "repetition_penalty": 1.0
  },
  "pass@1": 0.3397626112759644,
  "pass@8": 0.5237388724035609,
  "maj@8": 0.3086053412462908,
  "avg_accuracy": 0.3329005934718101,
  "all_pass_at_k": {
    "pass@1": 0.3397626112759644,
    "maj@1": 0.3397626112759644,
    "pass@2": 0.4065281899109792,
    "maj@2": 0.25667655786350146,
    "pass@3": 0.4406528189910979,
    "maj@3": 0.33382789317507416,
    "pass@4": 0.4629080118694362,
    "maj@4": 0.29376854599406527,
    "pass@5": 0.4807121661721068,
    "maj@5": 0.3264094955489614,
    "pass@6": 0.4970326409495549,
    "maj@6": 0.3115727002967359,
    "pass@7": 0.5089020771513353,
    "maj@7": 0.3293768545994065,
    "pass@8": 0.5237388724035609,
    "maj@8": 0.3086053412462908
  }
}